database_row,knot,knotinfo_name,dt_name,alternating,crossing_number,input_interval,certified_lower_bound,output_interval,consequence,signature,determinant,seifert_size,algebraic_unknotting_in_workbook,already_implied_by_workbook,kind,field,field_order,prime,specialization,minimal_polynomial,nullity
4212,13a1232,13a_1232,13a_1232,Y,13,"[2,3]",3,3,exact u=3,0,261,18,,False,quadratic,F_4,4,2,x,x^2+x+1,3
4218,13a1238,13a_1238,13a_1238,Y,13,"[2,3]",3,3,exact u=3,0,261,16,,False,quadratic,F_4,4,2,x,x^2+x+1,3
4618,13a1638,13a_1638,13a_1638,Y,13,"[2,3]",3,3,exact u=3,2,171,18,,False,quadratic,F_4,4,2,x,x^2+x+1,3
4766,13a1786,13a_1786,13a_1786,Y,13,"[2,3]",3,3,exact u=3,0,297,20,,False,scalar,F_3,3,3,2,x-2,3
5700,13a2720,13a_2720,13a_2720,Y,13,"[2,3]",3,3,exact u=3,-2,243,28,,False,scalar,F_3,3,3,2,x-2,3
5707,13a2727,13a_2727,13a_2727,Y,13,"[2,3]",3,3,exact u=3,-2,243,26,,False,scalar,F_3,3,3,2,x-2,3
6052,13a3072,13a_3072,13a_3072,Y,13,"[2,3]",3,3,exact u=3,2,171,16,,False,quadratic,F_4,4,2,x,x^2+x+1,3
7857,13a4877,13a_4877,13a_4877,Y,13,"[2,5]",3,"[3,5]",improved,-4,189,44,,False,scalar,F_3,3,3,2,x-2,3
7943,13n85,13n_85,13n_85,N,13,"[1,2]",2,2,exact u=2,-2,171,14,,False,scalar,F_3,3,3,2,x-2,2
7944,13n86,13n_86,13n_86,N,13,"[1,2]",2,2,exact u=2,0,81,14,,False,scalar,F_3,3,3,2,x-2,2
7973,13n115,13n_115,13n_115,N,13,"[1,2]",2,2,exact u=2,0,261,18,,False,scalar,F_3,3,3,2,x-2,2
7974,13n116,13n_116,13n_116,N,13,"[1,2]",2,2,exact u=2,0,9,18,,False,scalar,F_3,3,3,2,x-2,2
7975,13n117,13n_117,13n_117,N,13,"[1,2]",2,2,exact u=2,-2,99,18,,False,scalar,F_3,3,3,2,x-2,2
8003,13n145,13n_145,13n_145,N,13,"[1,2]",2,2,exact u=2,0,153,30,,False,scalar,F_3,3,3,2,x-2,2
8018,13n160,13n_160,13n_160,N,13,"[1,2]",2,2,exact u=2,-2,175,20,,False,quadratic,F_4,4,2,x,x^2+x+1,2
8019,13n161,13n_161,13n_161,N,13,"[1,2]",2,2,exact u=2,0,25,20,,False,quadratic,F_4,4,2,x,x^2+x+1,2
8021,13n163,13n_163,13n_163,N,13,"[1,2]",2,2,exact u=2,0,205,20,,False,quadratic,F_4,4,2,x,x^2+x+1,2
8022,13n164,13n_164,13n_164,N,13,"[1,2]",2,2,exact u=2,0,25,20,,False,quadratic,F_4,4,2,x,x^2+x+1,2
8023,13n165,13n_165,13n_165,N,13,"[1,2]",2,2,exact u=2,2,175,20,,False,quadratic,F_4,4,2,x,x^2+x+1,2
8024,13n166,13n_166,13n_166,N,13,"[1,2]",2,2,exact u=2,-2,155,20,,False,quadratic,F_4,4,2,x,x^2+x+1,2
8025,13n167,13n_167,13n_167,N,13,"[1,2]",2,2,exact u=2,0,145,14,,False,quadratic,F_4,4,2,x,x^2+x+1,2
8026,13n168,13n_168,13n_168,N,13,"[1,2]",2,2,exact u=2,2,55,14,,False,quadratic,F_4,4,2,x,x^2+x+1,2
8031,13n173,13n_173,13n_173,N,13,"[1,2]",2,2,exact u=2,2,95,16,,False,quadratic,F_4,4,2,x,x^2+x+1,2
8032,13n174,13n_174,13n_174,N,13,"[1,2]",2,2,exact u=2,-2,175,14,,False,quadratic,F_4,4,2,x,x^2+x+1,2
8034,13n176,13n_176,13n_176,N,13,"[1,2]",2,2,exact u=2,0,25,14,,False,quadratic,F_4,4,2,x,x^2+x+1,2
8035,13n177,13n_177,13n_177,N,13,"[1,2]",2,2,exact u=2,0,205,14,,False,quadratic,F_4,4,2,x,x^2+x+1,2
8036,13n178,13n_178,13n_178,N,13,"[1,2]",2,2,exact u=2,-2,155,14,,False,quadratic,F_4,4,2,x,x^2+x+1,2
8037,13n179,13n_179,13n_179,N,13,"[1,2]",2,2,exact u=2,0,145,14,,False,quadratic,F_4,4,2,x,x^2+x+1,2
8038,13n180,13n_180,13n_180,N,13,"[1,2]",2,2,exact u=2,2,55,14,,False,quadratic,F_4,4,2,x,x^2+x+1,2
8040,13n182,13n_182,13n_182,N,13,"[1,2]",2,2,exact u=2,2,95,16,,False,quadratic,F_4,4,2,x,x^2+x+1,2
8068,13n210,13n_210,13n_210,N,13,"[1,2]",2,2,exact u=2,0,45,26,,False,scalar,F_3,3,3,2,x-2,2
8416,13n558,13n_558,13n_558,N,13,"[1,2]",2,2,exact u=2,0,57,18,,False,quadratic,F_4,4,2,x,x^2+x+1,2
8420,13n562,13n_562,13n_562,N,13,"[1,2]",2,2,exact u=2,0,121,18,,False,quadratic,F_9,9,3,x,x^2+1,2
8427,13n569,13n_569,13n_569,N,13,"[1,2]",2,2,exact u=2,2,51,12,,False,quadratic,F_4,4,2,x,x^2+x+1,2
8437,13n579,13n_579,13n_579,N,13,"[1,2]",2,2,exact u=2,0,25,28,,False,scalar,F_5,5,5,4,x-4,2
8467,13n609,13n_609,13n_609,N,13,"[1,2]",2,2,exact u=2,-2,171,12,,False,scalar,F_3,3,3,2,x-2,2
8468,13n610,13n_610,13n_610,N,13,"[1,2]",2,2,exact u=2,0,189,12,,False,scalar,F_3,3,3,2,x-2,2
8570,13n712,13n_712,13n_712,N,13,"[1,2]",2,2,exact u=2,0,125,12,,False,scalar,F_5,5,5,4,x-4,2
8572,13n714,13n_714,13n_714,N,13,"[1,3]",2,"[2,3]",improved,0,125,12,,False,scalar,F_5,5,5,4,x-4,2
8614,13n756,13n_756,13n_756,N,13,"[1,2]",2,2,exact u=2,0,1,20,,False,quadratic,F_9,9,3,x,x^2+1,2
8615,13n757,13n_757,13n_757,N,13,"[1,2]",2,2,exact u=2,0,169,20,,False,quadratic,F_9,9,3,x,x^2+1,2
8686,13n828,13n_828,13n_828,N,13,"[1,2]",2,2,exact u=2,-2,75,16,,False,scalar,F_5,5,5,4,x-4,2
8847,13n989,13n_989,13n_989,N,13,"[1,3]",2,"[2,3]",improved,2,75,12,,False,scalar,F_5,5,5,4,x-4,2
8852,13n994,13n_994,13n_994,N,13,"[1,3]",2,"[2,3]",improved,2,147,20,,False,scalar,F_7,7,7,6,x-6,2
8884,13n1026,13n_1026,13n_1026,N,13,"[1,2]",2,2,exact u=2,0,25,18,,False,scalar,F_5,5,5,4,x-4,2
8898,13n1040,13n_1040,13n_1040,N,13,"[1,2]",2,2,exact u=2,-2,275,20,,False,scalar,F_5,5,5,4,x-4,2
8900,13n1042,13n_1042,13n_1042,N,13,"[1,2]",2,2,exact u=2,-2,99,20,,False,scalar,F_3,3,3,2,x-2,2
8960,13n1102,13n_1102,13n_1102,N,13,"[1,2]",2,2,exact u=2,0,25,16,,False,scalar,F_5,5,5,4,x-4,2
8990,13n1132,13n_1132,13n_1132,N,13,"[1,2]",2,2,exact u=2,0,81,18,,False,quadratic,F_9,9,3,x,x^2+1,2
9211,13n1353,13n_1353,13n_1353,N,13,"[1,2]",2,2,exact u=2,-2,87,16,,False,quadratic,F_4,4,2,x,x^2+x+1,2
9215,13n1357,13n_1357,13n_1357,N,13,"[1,2]",2,2,exact u=2,0,9,16,,False,quadratic,F_9,9,3,x,x^2+1,2
9217,13n1359,13n_1359,13n_1359,N,13,"[1,2]",2,2,exact u=2,2,171,14,,False,scalar,F_3,3,3,2,x-2,2
9218,13n1360,13n_1360,13n_1360,N,13,"[1,2]",2,2,exact u=2,2,171,14,,False,scalar,F_3,3,3,2,x-2,2
9235,13n1377,13n_1377,13n_1377,N,13,"[1,2]",2,2,exact u=2,-2,135,20,,False,scalar,F_3,3,3,2,x-2,2
9236,13n1378,13n_1378,13n_1378,N,13,"[1,2]",2,2,exact u=2,0,225,20,,False,scalar,F_3,3,3,2,x-2,2
9237,13n1379,13n_1379,13n_1379,N,13,"[1,2]",2,2,exact u=2,-2,135,20,,False,scalar,F_3,3,3,2,x-2,2
9250,13n1392,13n_1392,13n_1392,N,13,"[1,2]",2,2,exact u=2,0,49,28,,False,scalar,F_7,7,7,6,x-6,2
9258,13n1400,13n_1400,13n_1400,N,13,"[1,2]",2,2,exact u=2,-2,31,16,,False,quadratic,F_9,9,3,x,x^2+1,2
9267,13n1409,13n_1409,13n_1409,N,13,"[1,2]",2,2,exact u=2,2,75,26,,False,scalar,F_5,5,5,4,x-4,2
9315,13n1457,13n_1457,13n_1457,N,13,"[1,2]",2,2,exact u=2,-2,135,10,,False,quadratic,F_4,4,2,x,x^2+x+1,2
9317,13n1459,13n_1459,13n_1459,N,13,"[1,2]",2,2,exact u=2,0,81,16,,False,scalar,F_3,3,3,2,x-2,2
9318,13n1460,13n_1460,13n_1460,N,13,"[1,2]",2,2,exact u=2,-2,63,16,,False,scalar,F_3,3,3,2,x-2,2
9319,13n1461,13n_1461,13n_1461,N,13,"[1,2]",2,2,exact u=2,0,45,16,,False,scalar,F_3,3,3,2,x-2,2
9320,13n1462,13n_1462,13n_1462,N,13,"[1,2]",2,2,exact u=2,2,207,16,,False,scalar,F_3,3,3,2,x-2,2
9326,13n1468,13n_1468,13n_1468,N,13,"[1,2]",2,2,exact u=2,2,135,18,,False,quadratic,F_4,4,2,x,x^2+x+1,2
9339,13n1481,13n_1481,13n_1481,N,13,"[1,2]",2,2,exact u=2,0,121,18,,False,quadratic,F_4,4,2,x,x^2+x+1,2
9366,13n1508,13n_1508,13n_1508,N,13,"[1,2]",2,2,exact u=2,0,77,16,,False,quadratic,F_25,25,5,x,x^2+x+1,2
9383,13n1525,13n_1525,13n_1525,N,13,"[1,2]",2,2,exact u=2,-2,171,16,,False,scalar,F_3,3,3,2,x-2,2
9415,13n1557,13n_1557,13n_1557,N,13,"[1,2]",2,2,exact u=2,2,171,18,,False,scalar,F_3,3,3,2,x-2,2
9441,13n1583,13n_1583,13n_1583,N,13,"[1,2]",2,2,exact u=2,-2,99,28,,False,scalar,F_3,3,3,2,x-2,2
9461,13n1603,13n_1603,13n_1603,N,13,"[1,2]",2,2,exact u=2,0,81,14,,False,scalar,F_3,3,3,2,x-2,2
9472,13n1614,13n_1614,13n_1614,N,13,"[1,2]",2,2,exact u=2,0,49,14,,False,scalar,F_7,7,7,6,x-6,2
9479,13n1621,13n_1621,13n_1621,N,13,"[1,2]",2,2,exact u=2,2,27,16,,False,scalar,F_3,3,3,2,x-2,2
9481,13n1623,13n_1623,13n_1623,N,13,"[1,2]",2,2,exact u=2,0,33,18,,False,quadratic,F_4,4,2,x,x^2+x+1,2
9482,13n1624,13n_1624,13n_1624,N,13,"[1,2]",2,2,exact u=2,-2,183,18,,False,quadratic,F_4,4,2,x,x^2+x+1,2
9522,13n1664,13n_1664,13n_1664,N,13,"[1,2]",2,2,exact u=2,0,81,26,,False,scalar,F_3,3,3,2,x-2,2
9523,13n1665,13n_1665,13n_1665,N,13,"[1,2]",2,2,exact u=2,2,171,26,,False,scalar,F_3,3,3,2,x-2,2
9524,13n1666,13n_1666,13n_1666,N,13,"[1,2]",2,2,exact u=2,0,9,26,,False,scalar,F_3,3,3,2,x-2,2
9546,13n1688,13n_1688,13n_1688,N,13,"[1,2]",2,2,exact u=2,0,49,10,,False,scalar,F_7,7,7,6,x-6,2
9591,13n1733,13n_1733,13n_1733,N,13,"[1,2]",2,2,exact u=2,0,25,18,,False,scalar,F_5,5,5,4,x-4,2
9651,13n1793,13n_1793,13n_1793,N,13,"[1,2]",2,2,exact u=2,2,99,10,,False,scalar,F_3,3,3,2,x-2,2
9654,13n1796,13n_1796,13n_1796,N,13,"[1,2]",2,2,exact u=2,0,117,12,,False,scalar,F_3,3,3,2,x-2,2
9655,13n1797,13n_1797,13n_1797,N,13,"[1,2]",2,2,exact u=2,-2,171,12,,False,scalar,F_3,3,3,2,x-2,2
9694,13n1836,13n_1836,13n_1836,N,13,"[1,2]",2,2,exact u=2,0,25,16,,False,scalar,F_5,5,5,4,x-4,2
9699,13n1841,13n_1841,13n_1841,N,13,"[1,2]",2,2,exact u=2,0,49,16,,False,scalar,F_7,7,7,6,x-6,2
9777,13n1919,13n_1919,13n_1919,N,13,"[1,2]",2,2,exact u=2,0,1,28,,False,quadratic,F_4,4,2,x,x^2+x+1,2
9781,13n1923,13n_1923,13n_1923,N,13,"[1,2]",2,2,exact u=2,2,63,28,,False,scalar,F_3,3,3,2,x-2,2
9782,13n1924,13n_1924,13n_1924,N,13,"[1,2]",2,2,exact u=2,0,105,28,,False,quadratic,F_4,4,2,x,x^2+x+1,2
9829,13n1971,13n_1971,13n_1971,N,13,"[1,2]",2,2,exact u=2,0,81,30,,False,quadratic,F_4,4,2,x,x^2+x+1,2
9830,13n1972,13n_1972,13n_1972,N,13,"[1,2]",2,2,exact u=2,-2,111,30,,False,quadratic,F_4,4,2,x,x^2+x+1,2
9837,13n1979,13n_1979,13n_1979,N,13,"[1,2]",2,2,exact u=2,2,63,18,,False,quadratic,F_4,4,2,x,x^2+x+1,2
9847,13n1989,13n_1989,13n_1989,N,13,"[1,2]",2,2,exact u=2,0,121,28,,False,scalar,F_11,11,11,10,x-10,2
9850,13n1992,13n_1992,13n_1992,N,13,"[1,3]",2,"[2,3]",improved,-2,75,12,,False,scalar,F_5,5,5,4,x-4,2
9866,13n2008,13n_2008,13n_2008,N,13,"[1,3]",2,"[2,3]",improved,2,135,26,,False,scalar,F_3,3,3,2,x-2,2
9873,13n2015,13n_2015,13n_2015,N,13,"[1,2]",2,2,exact u=2,0,9,26,,False,scalar,F_3,3,3,2,x-2,2
9892,13n2034,13n_2034,13n_2034,N,13,"[1,3]",2,"[2,3]",improved,2,75,18,,False,scalar,F_5,5,5,4,x-4,2
9927,13n2069,13n_2069,13n_2069,N,13,"[1,2]",2,2,exact u=2,0,1,16,,False,quadratic,F_4,4,2,x,x^2+x+1,2
9982,13n2124,13n_2124,13n_2124,N,13,"[1,2]",2,2,exact u=2,-2,75,14,,False,quadratic,F_9,9,3,x,x^2+1,2
9996,13n2138,13n_2138,13n_2138,N,13,"[1,2]",2,2,exact u=2,0,121,10,,False,scalar,F_11,11,11,10,x-10,2
10013,13n2155,13n_2155,13n_2155,N,13,"[1,2]",2,2,exact u=2,-2,175,18,,False,scalar,F_5,5,5,4,x-4,2
10027,13n2169,13n_2169,13n_2169,N,13,"[1,2]",2,2,exact u=2,0,25,18,,False,scalar,F_5,5,5,4,x-4,2
10031,13n2173,13n_2173,13n_2173,N,13,"[1,2]",2,2,exact u=2,0,25,18,,False,scalar,F_5,5,5,4,x-4,2
10056,13n2198,13n_2198,13n_2198,N,13,"[1,2]",2,2,exact u=2,0,81,10,,False,quadratic,F_4,4,2,x,x^2+x+1,2
10057,13n2199,13n_2199,13n_2199,N,13,"[1,2]",2,2,exact u=2,0,81,10,,False,scalar,F_3,3,3,2,x-2,2
10066,13n2208,13n_2208,13n_2208,N,13,"[1,2]",2,2,exact u=2,0,189,12,,False,scalar,F_3,3,3,2,x-2,2
10067,13n2209,13n_2209,13n_2209,N,13,"[1,2]",2,2,exact u=2,0,9,12,,False,scalar,F_3,3,3,2,x-2,2
10089,13n2231,13n_2231,13n_2231,N,13,"[1,2]",2,2,exact u=2,-2,123,18,,False,quadratic,F_4,4,2,x,x^2+x+1,2
10103,13n2245,13n_2245,13n_2245,N,13,"[1,3]",2,"[2,3]",improved,2,175,16,,False,scalar,F_5,5,5,4,x-4,2
10119,13n2261,13n_2261,13n_2261,N,13,"[1,2]",2,2,exact u=2,-2,71,28,,False,quadratic,F_4,4,2,x,x^2+x+1,2
10138,13n2280,13n_2280,13n_2280,N,13,"[1,2]",2,2,exact u=2,0,21,16,,False,quadratic,F_4,4,2,x,x^2+x+1,2
10148,13n2290,13n_2290,13n_2290,N,13,"[1,2]",2,2,exact u=2,0,49,18,,False,scalar,F_7,7,7,6,x-6,2
10151,13n2293,13n_2293,13n_2293,N,13,"[1,2]",2,2,exact u=2,2,91,18,,False,quadratic,F_9,9,3,x,x^2+1,2
10159,13n2301,13n_2301,13n_2301,N,13,"[1,2]",2,2,exact u=2,-2,23,18,,False,extension,F_16,16,2,x,x^4+x^3+x^2+x+1,2
10168,13n2310,13n_2310,13n_2310,N,13,"[1,3]",2,"[2,3]",improved,2,95,18,,False,extension,F_16,16,2,x,x^4+x^3+x^2+x+1,2
10169,13n2311,13n_2311,13n_2311,N,13,"[1,2]",2,2,exact u=2,0,189,20,,False,scalar,F_3,3,3,2,x-2,2
10171,13n2313,13n_2313,13n_2313,N,13,"[1,2]",2,2,exact u=2,0,189,20,,False,scalar,F_3,3,3,2,x-2,2
10173,13n2315,13n_2315,13n_2315,N,13,"[1,2]",2,2,exact u=2,0,65,28,,False,quadratic,F_9,9,3,x,x^2+1,2
10240,13n2382,13n_2382,13n_2382,N,13,"[1,3]",2,"[2,3]",improved,-2,159,26,,False,quadratic,F_4,4,2,x,x^2+x+1,2
10241,13n2383,13n_2383,13n_2383,N,13,"[1,3]",2,"[2,3]",improved,0,57,26,,False,quadratic,F_4,4,2,x,x^2+x+1,2
10256,13n2398,13n_2398,13n_2398,N,13,"[1,2]",2,2,exact u=2,-2,99,20,,False,scalar,F_3,3,3,2,x-2,2
10258,13n2400,13n_2400,13n_2400,N,13,"[1,2]",2,2,exact u=2,0,9,22,,False,scalar,F_3,3,3,2,x-2,2
10259,13n2401,13n_2401,13n_2401,N,13,"[1,2]",2,2,exact u=2,0,9,22,,False,scalar,F_3,3,3,2,x-2,2
10265,13n2407,13n_2407,13n_2407,N,13,"[2,3]",3,3,exact u=3,-4,117,18,,False,quadratic,F_4,4,2,x,x^2+x+1,3
10266,13n2408,13n_2408,13n_2408,N,13,"[1,3]",3,3,exact u=3,0,45,18,,False,quadratic,F_4,4,2,x,x^2+x+1,3
10268,13n2410,13n_2410,13n_2410,N,13,"[1,3]",3,3,exact u=3,-2,99,18,,False,quadratic,F_4,4,2,x,x^2+x+1,3
10269,13n2411,13n_2411,13n_2411,N,13,"[1,3]",3,3,exact u=3,0,45,18,,False,quadratic,F_4,4,2,x,x^2+x+1,3
10270,13n2412,13n_2412,13n_2412,N,13,"[2,3]",3,3,exact u=3,4,117,18,,False,quadratic,F_4,4,2,x,x^2+x+1,3
10271,13n2413,13n_2413,13n_2413,N,13,"[2,3]",3,3,exact u=3,-4,189,18,,False,quadratic,F_4,4,2,x,x^2+x+1,3
10272,13n2414,13n_2414,13n_2414,N,13,"[1,3]",3,3,exact u=3,-2,99,16,,False,quadratic,F_4,4,2,x,x^2+x+1,3
10309,13n2451,13n_2451,13n_2451,N,13,"[1,2]",2,2,exact u=2,0,121,18,,False,scalar,F_11,11,11,10,x-10,2
10313,13n2455,13n_2455,13n_2455,N,13,"[1,2]",2,2,exact u=2,-2,171,32,,False,scalar,F_3,3,3,2,x-2,2
10324,13n2466,13n_2466,13n_2466,N,13,"[1,2]",2,2,exact u=2,0,9,18,,False,quadratic,F_4,4,2,x,x^2+x+1,2
10325,13n2467,13n_2467,13n_2467,N,13,"[1,2]",2,2,exact u=2,-2,183,18,,False,quadratic,F_4,4,2,x,x^2+x+1,2
10327,13n2469,13n_2469,13n_2469,N,13,"[1,2]",2,2,exact u=2,-2,175,16,,False,scalar,F_5,5,5,4,x-4,2
10374,13n2516,13n_2516,13n_2516,N,13,"[1,2]",2,2,exact u=2,-2,175,16,,False,scalar,F_5,5,5,4,x-4,2
10382,13n2524,13n_2524,13n_2524,N,13,"[1,2]",2,2,exact u=2,-2,115,14,,False,quadratic,F_9,9,3,x,x^2+1,2
10409,13n2551,13n_2551,13n_2551,N,13,"[1,2]",2,2,exact u=2,0,189,16,,False,scalar,F_3,3,3,2,x-2,2
10426,13n2568,13n_2568,13n_2568,N,13,"[1,2]",2,2,exact u=2,2,35,14,,False,quadratic,F_4,4,2,x,x^2+x+1,2
10428,13n2570,13n_2570,13n_2570,N,13,"[1,2]",2,2,exact u=2,-2,15,12,,False,quadratic,F_4,4,2,x,x^2+x+1,2
10431,13n2573,13n_2573,13n_2573,N,13,"[1,2]",2,2,exact u=2,-2,135,16,,False,quadratic,F_4,4,2,x,x^2+x+1,2
10432,13n2574,13n_2574,13n_2574,N,13,"[1,2]",2,2,exact u=2,2,135,16,,False,scalar,F_3,3,3,2,x-2,2
10440,13n2582,13n_2582,13n_2582,N,13,"[1,2]",2,2,exact u=2,2,135,18,,False,quadratic,F_4,4,2,x,x^2+x+1,2
10471,13n2613,13n_2613,13n_2613,N,13,"[1,3]",2,"[2,3]",improved,2,27,18,,False,scalar,F_3,3,3,2,x-2,2
10472,13n2614,13n_2614,13n_2614,N,13,"[1,2]",2,2,exact u=2,0,129,28,,False,quadratic,F_4,4,2,x,x^2+x+1,2
10482,13n2624,13n_2624,13n_2624,N,13,"[1,2]",2,2,exact u=2,0,169,18,,False,quadratic,F_4,4,2,x,x^2+x+1,2
10499,13n2641,13n_2641,13n_2641,N,13,"[1,2]",2,2,exact u=2,0,117,18,,False,scalar,F_3,3,3,2,x-2,2
10509,13n2651,13n_2651,13n_2651,N,13,"[1,2]",2,2,exact u=2,-2,63,16,,False,scalar,F_3,3,3,2,x-2,2
10512,13n2654,13n_2654,13n_2654,N,13,"[1,2]",2,2,exact u=2,2,135,16,,False,scalar,F_3,3,3,2,x-2,2
10514,13n2656,13n_2656,13n_2656,N,13,"[1,2]",2,2,exact u=2,0,1,18,,False,quadratic,F_9,9,3,x,x^2+1,2
10525,13n2667,13n_2667,13n_2667,N,13,"[1,2]",2,2,exact u=2,-2,135,16,,False,scalar,F_3,3,3,2,x-2,2
10526,13n2668,13n_2668,13n_2668,N,13,"[1,2]",2,2,exact u=2,0,121,18,,False,quadratic,F_9,9,3,x,x^2+1,2
10533,13n2675,13n_2675,13n_2675,N,13,"[1,2]",2,2,exact u=2,-2,135,12,,False,scalar,F_3,3,3,2,x-2,2
10542,13n2684,13n_2684,13n_2684,N,13,"[1,2]",2,2,exact u=2,-2,111,18,,False,quadratic,F_4,4,2,x,x^2+x+1,2
10544,13n2686,13n_2686,13n_2686,N,13,"[1,2]",2,2,exact u=2,0,169,18,,False,quadratic,F_4,4,2,x,x^2+x+1,2
10546,13n2688,13n_2688,13n_2688,N,13,"[1,3]",2,"[2,3]",improved,0,125,10,,False,scalar,F_5,5,5,4,x-4,2
10552,13n2694,13n_2694,13n_2694,N,13,"[1,2]",2,2,exact u=2,-2,147,16,,False,scalar,F_7,7,7,6,x-6,2
10554,13n2696,13n_2696,13n_2696,N,13,"[1,2]",2,2,exact u=2,0,145,16,,False,quadratic,F_4,4,2,x,x^2+x+1,2
10581,13n2723,13n_2723,13n_2723,N,13,"[1,2]",2,2,exact u=2,-2,63,16,,False,scalar,F_3,3,3,2,x-2,2
10600,13n2742,13n_2742,13n_2742,N,13,"[1,2]",2,2,exact u=2,0,121,16,,False,quadratic,F_4,4,2,x,x^2+x+1,2
10605,13n2747,13n_2747,13n_2747,N,13,"[1,2]",2,2,exact u=2,0,81,18,,False,quadratic,F_4,4,2,x,x^2+x+1,2
10609,13n2751,13n_2751,13n_2751,N,13,"[1,2]",2,2,exact u=2,2,123,12,,False,quadratic,F_4,4,2,x,x^2+x+1,2
10633,13n2775,13n_2775,13n_2775,N,13,"[1,2]",2,2,exact u=2,0,165,14,,False,quadratic,F_9,9,3,x,x^2+1,2
10649,13n2791,13n_2791,13n_2791,N,13,"[1,3]",2,"[2,3]",improved,2,75,16,,False,scalar,F_5,5,5,4,x-4,2
10670,13n2812,13n_2812,13n_2812,N,13,"[1,2]",2,2,exact u=2,2,27,10,,False,scalar,F_3,3,3,2,x-2,2
10678,13n2820,13n_2820,13n_2820,N,13,"[1,2]",2,2,exact u=2,2,95,28,,False,quadratic,F_4,4,2,x,x^2+x+1,2
10690,13n2832,13n_2832,13n_2832,N,13,"[1,2]",2,2,exact u=2,2,119,28,,False,quadratic,F_4,4,2,x,x^2+x+1,2
10705,13n2847,13n_2847,13n_2847,N,13,"[1,2]",2,2,exact u=2,2,187,26,,False,scalar,F_5,5,5,2,x-2,2
10711,13n2853,13n_2853,13n_2853,N,13,"[1,2]",2,2,exact u=2,-2,135,12,,False,scalar,F_3,3,3,2,x-2,2
10718,13n2860,13n_2860,13n_2860,N,13,"[1,2]",2,2,exact u=2,0,153,12,,False,scalar,F_3,3,3,2,x-2,2
10719,13n2861,13n_2861,13n_2861,N,13,"[1,2]",2,2,exact u=2,0,117,12,,False,scalar,F_3,3,3,2,x-2,2
10722,13n2864,13n_2864,13n_2864,N,13,"[1,2]",2,2,exact u=2,-2,159,10,,False,quadratic,F_4,4,2,x,x^2+x+1,2
10723,13n2865,13n_2865,13n_2865,N,13,"[1,2]",2,2,exact u=2,-2,99,10,,False,quadratic,F_4,4,2,x,x^2+x+1,2
10728,13n2870,13n_2870,13n_2870,N,13,"[1,2]",2,2,exact u=2,0,69,12,,False,quadratic,F_4,4,2,x,x^2+x+1,2
10750,13n2892,13n_2892,13n_2892,N,13,"[1,2]",2,2,exact u=2,0,117,16,,False,scalar,F_3,3,3,2,x-2,2
10772,13n2914,13n_2914,13n_2914,N,13,"[1,2]",2,2,exact u=2,0,189,16,,False,scalar,F_3,3,3,2,x-2,2
10777,13n2919,13n_2919,13n_2919,N,13,"[1,2]",2,2,exact u=2,-2,111,12,,False,quadratic,F_4,4,2,x,x^2+x+1,2
10781,13n2923,13n_2923,13n_2923,N,13,"[1,2]",2,2,exact u=2,0,45,16,,False,quadratic,F_4,4,2,x,x^2+x+1,2
10782,13n2924,13n_2924,13n_2924,N,13,"[1,2]",2,2,exact u=2,0,153,16,,False,scalar,F_3,3,3,2,x-2,2
10783,13n2925,13n_2925,13n_2925,N,13,"[1,2]",2,2,exact u=2,2,279,16,,False,scalar,F_3,3,3,2,x-2,2
10784,13n2926,13n_2926,13n_2926,N,13,"[1,2]",2,2,exact u=2,-2,27,16,,False,scalar,F_3,3,3,2,x-2,2
10785,13n2927,13n_2927,13n_2927,N,13,"[1,2]",2,2,exact u=2,0,81,16,,False,scalar,F_3,3,3,2,x-2,2
10789,13n2931,13n_2931,13n_2931,N,13,"[1,2]",2,2,exact u=2,2,135,18,,False,scalar,F_3,3,3,2,x-2,2
10791,13n2933,13n_2933,13n_2933,N,13,"[1,3]",2,"[2,3]",improved,2,99,28,,False,scalar,F_3,3,3,2,x-2,2
10792,13n2934,13n_2934,13n_2934,N,13,"[1,2]",2,2,exact u=2,0,9,28,,False,scalar,F_3,3,3,2,x-2,2
10794,13n2936,13n_2936,13n_2936,N,13,"[1,2]",2,2,exact u=2,0,189,28,,False,scalar,F_3,3,3,2,x-2,2
10795,13n2937,13n_2937,13n_2937,N,13,"[1,2]",2,2,exact u=2,2,171,28,,False,scalar,F_3,3,3,2,x-2,2
10798,13n2940,13n_2940,13n_2940,N,13,"[1,2]",2,2,exact u=2,0,49,18,,False,scalar,F_7,7,7,6,x-6,2
10809,13n2951,13n_2951,13n_2951,N,13,"[1,3]",2,"[2,3]",improved,0,9,28,,False,scalar,F_3,3,3,2,x-2,2
10811,13n2953,13n_2953,13n_2953,N,13,"[1,2]",2,2,exact u=2,-2,99,28,,False,scalar,F_3,3,3,2,x-2,2
10812,13n2954,13n_2954,13n_2954,N,13,"[1,2]",2,2,exact u=2,0,9,28,,False,scalar,F_3,3,3,2,x-2,2
10813,13n2955,13n_2955,13n_2955,N,13,"[1,2]",2,2,exact u=2,2,171,28,,False,scalar,F_3,3,3,2,x-2,2
10814,13n2956,13n_2956,13n_2956,N,13,"[1,3]",2,"[2,3]",improved,-2,99,28,,False,scalar,F_3,3,3,2,x-2,2
10824,13n2966,13n_2966,13n_2966,N,13,"[1,4]",2,"[2,4]",improved,2,87,28,,False,quadratic,F_4,4,2,x,x^2+x+1,2
10825,13n2967,13n_2967,13n_2967,N,13,"[1,2]",2,2,exact u=2,0,129,28,,False,quadratic,F_4,4,2,x,x^2+x+1,2
10832,13n2974,13n_2974,13n_2974,N,13,"[1,4]",2,"[2,4]",improved,2,135,16,,False,scalar,F_3,3,3,2,x-2,2
10833,13n2975,13n_2975,13n_2975,N,13,"[1,3]",2,"[2,3]",improved,0,225,16,,False,scalar,F_3,3,3,2,x-2,2
10834,13n2976,13n_2976,13n_2976,N,13,"[1,3]",2,"[2,3]",improved,0,45,16,,False,scalar,F_3,3,3,2,x-2,2
10839,13n2981,13n_2981,13n_2981,N,13,"[1,2]",2,2,exact u=2,0,69,16,,False,quadratic,F_4,4,2,x,x^2+x+1,2
10852,13n2994,13n_2994,13n_2994,N,13,"[1,2]",2,2,exact u=2,-2,75,16,,False,scalar,F_5,5,5,4,x-4,2
10855,13n2997,13n_2997,13n_2997,N,13,"[1,2]",2,2,exact u=2,-2,99,20,,False,scalar,F_3,3,3,2,x-2,2
10860,13n3002,13n_3002,13n_3002,N,13,"[1,2]",2,2,exact u=2,-2,39,12,,False,quadratic,F_4,4,2,x,x^2+x+1,2
10867,13n3009,13n_3009,13n_3009,N,13,"[1,2]",2,2,exact u=2,-2,87,12,,False,quadratic,F_4,4,2,x,x^2+x+1,2
10903,13n3045,13n_3045,13n_3045,N,13,"[1,2]",2,2,exact u=2,-2,171,16,,False,quadratic,F_4,4,2,x,x^2+x+1,2
10904,13n3046,13n_3046,13n_3046,N,13,"[1,2]",2,2,exact u=2,-2,195,16,,False,quadratic,F_4,4,2,x,x^2+x+1,2
10907,13n3049,13n_3049,13n_3049,N,13,"[1,2]",2,2,exact u=2,0,189,28,,False,quadratic,F_4,4,2,x,x^2+x+1,2
10932,13n3074,13n_3074,13n_3074,N,13,"[1,2]",2,2,exact u=2,0,9,16,,False,scalar,F_3,3,3,2,x-2,2
10933,13n3075,13n_3075,13n_3075,N,13,"[1,2]",2,2,exact u=2,-2,171,16,,False,scalar,F_3,3,3,2,x-2,2
10954,13n3096,13n_3096,13n_3096,N,13,"[1,2]",2,2,exact u=2,0,37,28,,False,quadratic,F_4,4,2,x,x^2+x+1,2
10985,13n3127,13n_3127,13n_3127,N,13,"[1,3]",2,"[2,3]",improved,-2,75,28,,False,scalar,F_5,5,5,4,x-4,2
11016,13n3158,13n_3158,13n_3158,N,13,"[1,2]",2,2,exact u=2,0,1,16,,False,quadratic,F_4,4,2,x,x^2+x+1,2
11023,13n3165,13n_3165,13n_3165,N,13,"[1,2]",2,2,exact u=2,-2,171,16,,False,scalar,F_3,3,3,2,x-2,2
11029,13n3171,13n_3171,13n_3171,N,13,"[1,2]",2,2,exact u=2,2,171,16,,False,scalar,F_3,3,3,2,x-2,2
11048,13n3190,13n_3190,13n_3190,N,13,"[1,2]",2,2,exact u=2,2,31,28,,False,quadratic,F_4,4,2,x,x^2+x+1,2
11055,13n3197,13n_3197,13n_3197,N,13,"[1,2]",2,2,exact u=2,2,39,18,,False,quadratic,F_4,4,2,x,x^2+x+1,2
11056,13n3198,13n_3198,13n_3198,N,13,"[1,2]",2,2,exact u=2,2,171,18,,False,quadratic,F_4,4,2,x,x^2+x+1,2
11084,13n3226,13n_3226,13n_3226,N,13,"[1,2]",2,2,exact u=2,2,55,28,,False,quadratic,F_4,4,2,x,x^2+x+1,2
11090,13n3232,13n_3232,13n_3232,N,13,"[1,2]",2,2,exact u=2,-2,27,16,,False,scalar,F_3,3,3,2,x-2,2
11122,13n3264,13n_3264,13n_3264,N,13,"[1,2]",2,2,exact u=2,2,63,12,,False,quadratic,F_4,4,2,x,x^2+x+1,2
11130,13n3272,13n_3272,13n_3272,N,13,"[1,2]",2,2,exact u=2,0,9,12,,False,scalar,F_3,3,3,2,x-2,2
11157,13n3299,13n_3299,13n_3299,N,13,"[1,2]",2,2,exact u=2,2,99,12,,False,quadratic,F_4,4,2,x,x^2+x+1,2
11192,13n3334,13n_3334,13n_3334,N,13,"[1,2]",2,2,exact u=2,2,79,26,,False,quadratic,F_4,4,2,x,x^2+x+1,2
11210,13n3352,13n_3352,13n_3352,N,13,"[1,2]",2,2,exact u=2,-2,99,16,,False,quadratic,F_4,4,2,x,x^2+x+1,2
11211,13n3353,13n_3353,13n_3353,N,13,"[1,2]",2,2,exact u=2,0,117,16,,False,scalar,F_3,3,3,2,x-2,2
11215,13n3357,13n_3357,13n_3357,N,13,"[1,2]",2,2,exact u=2,-2,171,16,,False,quadratic,F_4,4,2,x,x^2+x+1,2
11216,13n3358,13n_3358,13n_3358,N,13,"[1,2]",2,2,exact u=2,2,99,16,,False,scalar,F_3,3,3,2,x-2,2
11226,13n3368,13n_3368,13n_3368,N,13,"[1,2]",2,2,exact u=2,-2,219,16,,False,quadratic,F_4,4,2,x,x^2+x+1,2
11247,13n3389,13n_3389,13n_3389,N,13,"[1,2]",2,2,exact u=2,2,171,14,,False,scalar,F_3,3,3,2,x-2,2
11253,13n3395,13n_3395,13n_3395,N,13,"[1,2]",2,2,exact u=2,0,129,10,,False,quadratic,F_9,9,3,x,x^2+1,2
11254,13n3396,13n_3396,13n_3396,N,13,"[1,2]",2,2,exact u=2,0,113,10,,False,quadratic,F_9,9,3,x,x^2+1,2
11279,13n3421,13n_3421,13n_3421,N,13,"[1,3]",2,"[2,3]",improved,-2,55,16,,False,quadratic,F_9,9,3,x,x^2+1,2
11281,13n3423,13n_3423,13n_3423,N,13,"[1,2]",2,2,exact u=2,0,229,16,,False,quadratic,F_4,4,2,x,x^2+x+1,2
11293,13n3435,13n_3435,13n_3435,N,13,"[1,2]",2,2,exact u=2,-2,195,18,,False,quadratic,F_4,4,2,x,x^2+x+1,2
11306,13n3448,13n_3448,13n_3448,N,13,"[1,2]",2,2,exact u=2,0,161,14,,False,quadratic,F_4,4,2,x,x^2+x+1,2
11315,13n3457,13n_3457,13n_3457,N,13,"[1,2]",2,2,exact u=2,0,9,10,,False,scalar,F_3,3,3,2,x-2,2
11318,13n3460,13n_3460,13n_3460,N,13,"[1,2]",2,2,exact u=2,0,189,18,,False,scalar,F_3,3,3,2,x-2,2
11344,13n3486,13n_3486,13n_3486,N,13,"[1,2]",2,2,exact u=2,-2,187,14,,False,quadratic,F_25,25,5,x,x^2+x+1,2
11354,13n3496,13n_3496,13n_3496,N,13,"[1,2]",2,2,exact u=2,-2,27,28,,False,scalar,F_3,3,3,2,x-2,2
11363,13n3505,13n_3505,13n_3505,N,13,"[1,3]",2,"[2,3]",improved,0,81,28,,False,scalar,F_3,3,3,2,x-2,2
11365,13n3507,13n_3507,13n_3507,N,13,"[1,3]",2,"[2,3]",improved,-2,75,18,,False,scalar,F_5,5,5,4,x-4,2
11382,13n3524,13n_3524,13n_3524,N,13,"[1,3]",2,"[2,3]",improved,-2,63,18,,False,scalar,F_3,3,3,2,x-2,2
11384,13n3526,13n_3526,13n_3526,N,13,"[1,2]",2,2,exact u=2,-2,63,18,,False,scalar,F_3,3,3,2,x-2,2
11387,13n3529,13n_3529,13n_3529,N,13,"[1,2]",2,2,exact u=2,2,63,18,,False,scalar,F_3,3,3,2,x-2,2
11393,13n3535,13n_3535,13n_3535,N,13,"[1,2]",2,2,exact u=2,0,169,10,,False,scalar,F_7,7,7,2,x-2,2
11395,13n3537,13n_3537,13n_3537,N,13,"[1,2]",2,2,exact u=2,0,105,14,,False,quadratic,F_9,9,3,x,x^2+1,2
11406,13n3548,13n_3548,13n_3548,N,13,"[1,2]",2,2,exact u=2,-2,27,30,,False,scalar,F_3,3,3,2,x-2,2
11429,13n3571,13n_3571,13n_3571,N,13,"[1,2]",2,2,exact u=2,0,9,18,,False,scalar,F_3,3,3,2,x-2,2
11433,13n3575,13n_3575,13n_3575,N,13,"[1,2]",2,2,exact u=2,0,121,28,,False,scalar,F_11,11,11,10,x-10,2
11444,13n3586,13n_3586,13n_3586,N,13,"[1,2]",2,2,exact u=2,2,231,10,,False,quadratic,F_4,4,2,x,x^2+x+1,2
11468,13n3610,13n_3610,13n_3610,N,13,"[1,2]",2,2,exact u=2,2,63,10,,False,quadratic,F_4,4,2,x,x^2+x+1,2
11471,13n3613,13n_3613,13n_3613,N,13,"[1,2]",2,2,exact u=2,-2,155,16,,False,extension,F_81,81,3,x,x^4+2*x^3+x^2+2*x+1,2
11472,13n3614,13n_3614,13n_3614,N,13,"[1,2]",2,2,exact u=2,0,153,14,,False,scalar,F_5,5,5,2,x-2,2
11499,13n3641,13n_3641,13n_3641,N,13,"[1,2]",2,2,exact u=2,2,27,12,,False,scalar,F_3,3,3,2,x-2,2
11509,13n3651,13n_3651,13n_3651,N,13,"[1,2]",2,2,exact u=2,0,225,16,,False,scalar,F_5,5,5,4,x-4,2
11515,13n3657,13n_3657,13n_3657,N,13,"[1,2]",2,2,exact u=2,2,219,16,,False,quadratic,F_4,4,2,x,x^2+x+1,2
11525,13n3667,13n_3667,13n_3667,N,13,"[1,2]",2,2,exact u=2,-2,243,16,,False,scalar,F_3,3,3,2,x-2,2
11542,13n3684,13n_3684,13n_3684,N,13,"[1,2]",2,2,exact u=2,-2,87,10,,False,quadratic,F_4,4,2,x,x^2+x+1,2
11557,13n3699,13n_3699,13n_3699,N,13,"[1,2]",2,2,exact u=2,0,45,16,,False,scalar,F_3,3,3,2,x-2,2
11558,13n3700,13n_3700,13n_3700,N,13,"[1,3]",2,"[2,3]",improved,-2,99,16,,False,scalar,F_3,3,3,2,x-2,2
11573,13n3715,13n_3715,13n_3715,N,13,"[1,2]",2,2,exact u=2,-2,155,16,,False,extension,F_49,49,7,x,x^2+4*x+1,2
11575,13n3717,13n_3717,13n_3717,N,13,"[1,2]",2,2,exact u=2,-2,135,16,,False,scalar,F_3,3,3,2,x-2,2
11577,13n3719,13n_3719,13n_3719,N,13,"[1,2]",2,2,exact u=2,0,261,16,,False,scalar,F_3,3,3,2,x-2,2
11579,13n3721,13n_3721,13n_3721,N,13,"[1,3]",2,"[2,3]",improved,-2,255,16,,False,extension,F_49,49,7,x,x^2+4*x+1,2
11581,13n3723,13n_3723,13n_3723,N,13,"[1,2]",2,2,exact u=2,0,81,10,,False,scalar,F_3,3,3,2,x-2,2
11583,13n3725,13n_3725,13n_3725,N,13,"[1,2]",2,2,exact u=2,0,9,12,,False,scalar,F_3,3,3,2,x-2,2
11584,13n3726,13n_3726,13n_3726,N,13,"[1,2]",2,2,exact u=2,0,81,12,,False,scalar,F_3,3,3,2,x-2,2
11585,13n3727,13n_3727,13n_3727,N,13,"[1,2]",2,2,exact u=2,0,9,10,,False,scalar,F_3,3,3,2,x-2,2
11586,13n3728,13n_3728,13n_3728,N,13,"[1,3]",2,"[2,3]",improved,2,111,12,,False,quadratic,F_4,4,2,x,x^2+x+1,2
11588,13n3730,13n_3730,13n_3730,N,13,"[1,2]",2,2,exact u=2,-2,135,16,,False,scalar,F_3,3,3,2,x-2,2
11758,13n3900,13n_3900,13n_3900,N,13,"[1,2]",2,2,exact u=2,0,25,12,,False,scalar,F_5,5,5,4,x-4,2
11760,13n3902,13n_3902,13n_3902,N,13,"[1,3]",2,"[2,3]",improved,-2,75,12,,False,scalar,F_5,5,5,4,x-4,2
11763,13n3905,13n_3905,13n_3905,N,13,"[1,2]",2,2,exact u=2,0,49,12,,False,scalar,F_7,7,7,6,x-6,2
11767,13n3909,13n_3909,13n_3909,N,13,"[1,2]",2,2,exact u=2,0,153,16,,False,scalar,F_3,3,3,2,x-2,2
11776,13n3918,13n_3918,13n_3918,N,13,"[1,2]",2,2,exact u=2,-2,175,10,,False,scalar,F_5,5,5,4,x-4,2
11779,13n3921,13n_3921,13n_3921,N,13,"[1,2]",2,2,exact u=2,0,49,10,,False,scalar,F_7,7,7,6,x-6,2
11781,13n3923,13n_3923,13n_3923,N,13,"[1,3]",2,"[2,3]",improved,-2,75,10,,False,scalar,F_5,5,5,4,x-4,2
11787,13n3929,13n_3929,13n_3929,N,13,"[1,2]",2,2,exact u=2,-2,175,12,,False,scalar,F_5,5,5,4,x-4,2
11798,13n3940,13n_3940,13n_3940,N,13,"[1,2]",2,2,exact u=2,0,25,10,,False,scalar,F_5,5,5,4,x-4,2
11859,13n4001,13n_4001,13n_4001,N,13,"[1,2]",2,2,exact u=2,-2,39,10,,False,quadratic,F_4,4,2,x,x^2+x+1,2
11904,13n4046,13n_4046,13n_4046,N,13,"[1,2]",2,2,exact u=2,-2,107,16,,False,quadratic,F_4,4,2,x,x^2+x+1,2
11906,13n4048,13n_4048,13n_4048,N,13,"[1,2]",2,2,exact u=2,0,181,16,,False,quadratic,F_4,4,2,x,x^2+x+1,2
11935,13n4077,13n_4077,13n_4077,N,13,"[1,2]",2,2,exact u=2,0,117,10,,False,quadratic,F_4,4,2,x,x^2+x+1,2
11964,13n4106,13n_4106,13n_4106,N,13,"[1,2]",2,2,exact u=2,2,35,18,,False,quadratic,F_9,9,3,x,x^2+1,2
11965,13n4107,13n_4107,13n_4107,N,13,"[1,2]",2,2,exact u=2,-2,115,18,,False,extension,F_49,49,7,x,x^2+4*x+1,2
11970,13n4112,13n_4112,13n_4112,N,13,"[1,2]",2,2,exact u=2,0,17,28,,False,quadratic,F_4,4,2,x,x^2+x+1,2
11971,13n4113,13n_4113,13n_4113,N,13,"[1,2]",2,2,exact u=2,0,145,28,,False,quadratic,F_4,4,2,x,x^2+x+1,2
11998,13n4140,13n_4140,13n_4140,N,13,"[1,2]",2,2,exact u=2,0,81,10,,False,scalar,F_3,3,3,2,x-2,2
12000,13n4142,13n_4142,13n_4142,N,13,"[1,2]",2,2,exact u=2,2,39,10,,False,extension,F_16,16,2,x,x^4+x^3+x^2+x+1,2
12031,13n4173,13n_4173,13n_4173,N,13,"[1,2]",2,2,exact u=2,-2,175,10,,False,scalar,F_5,5,5,4,x-4,2
12083,13n4225,13n_4225,13n_4225,N,13,"[1,2]",2,2,exact u=2,0,153,16,,False,scalar,F_3,3,3,2,x-2,2
12084,13n4226,13n_4226,13n_4226,N,13,"[1,3]",2,"[2,3]",improved,0,105,26,,False,quadratic,F_4,4,2,x,x^2+x+1,2
12115,13n4257,13n_4257,13n_4257,N,13,"[1,2]",2,2,exact u=2,-2,63,18,,False,scalar,F_3,3,3,2,x-2,2
12120,13n4262,13n_4262,13n_4262,N,13,"[1,3]",2,"[2,3]",improved,2,175,18,,False,scalar,F_5,5,5,4,x-4,2
12121,13n4263,13n_4263,13n_4263,N,13,"[1,2]",2,2,exact u=2,0,165,28,,False,quadratic,F_9,9,3,x,x^2+1,2
12128,13n4270,13n_4270,13n_4270,N,13,"[1,2]",2,2,exact u=2,-2,135,10,,False,scalar,F_3,3,3,2,x-2,2
12132,13n4274,13n_4274,13n_4274,N,13,"[1,2]",2,2,exact u=2,-2,103,10,,False,extension,F_16,16,2,x,x^4+x^3+x^2+x+1,2
12133,13n4275,13n_4275,13n_4275,N,13,"[1,2]",2,2,exact u=2,0,129,10,,False,quadratic,F_4,4,2,x,x^2+x+1,2
12144,13n4286,13n_4286,13n_4286,N,13,"[1,2]",2,2,exact u=2,2,19,16,,False,quadratic,F_9,9,3,x,x^2+1,2
12146,13n4288,13n_4288,13n_4288,N,13,"[1,2]",2,2,exact u=2,-2,103,16,,False,quadratic,F_9,9,3,x,x^2+1,2
12240,13n4382,13n_4382,13n_4382,N,13,"[1,2]",2,2,exact u=2,2,99,16,,False,quadratic,F_9,9,3,x,x^2+1,2
12242,13n4384,13n_4384,13n_4384,N,13,"[1,2]",2,2,exact u=2,0,9,16,,False,scalar,F_3,3,3,2,x-2,2
12245,13n4387,13n_4387,13n_4387,N,13,"[1,2]",2,2,exact u=2,2,171,16,,False,quadratic,F_4,4,2,x,x^2+x+1,2
12246,13n4388,13n_4388,13n_4388,N,13,"[1,2]",2,2,exact u=2,0,133,16,,False,quadratic,F_4,4,2,x,x^2+x+1,2
12253,13n4395,13n_4395,13n_4395,N,13,"[1,2]",2,2,exact u=2,2,35,16,,False,quadratic,F_4,4,2,x,x^2+x+1,2
12330,13n4472,13n_4472,13n_4472,N,13,"[1,2]",2,2,exact u=2,0,1,10,,False,extension,F_16,16,2,x,x^4+x^3+x^2+x+1,2
12332,13n4474,13n_4474,13n_4474,N,13,"[1,2]",2,2,exact u=2,0,121,10,,False,extension,F_16,16,2,x,x^4+x^3+x^2+x+1,2
12341,13n4483,13n_4483,13n_4483,N,13,"[1,2]",2,2,exact u=2,2,151,16,,False,quadratic,F_4,4,2,x,x^2+x+1,2
12342,13n4484,13n_4484,13n_4484,N,13,"[1,2]",2,2,exact u=2,-2,135,10,,False,quadratic,F_4,4,2,x,x^2+x+1,2
12358,13n4500,13n_4500,13n_4500,N,13,"[1,2]",2,2,exact u=2,0,185,14,,False,quadratic,F_4,4,2,x,x^2+x+1,2
12381,13n4523,13n_4523,13n_4523,N,13,"[1,2]",2,2,exact u=2,-2,255,10,,False,quadratic,F_4,4,2,x,x^2+x+1,2
12411,13n4553,13n_4553,13n_4553,N,13,"[1,2]",2,2,exact u=2,-2,207,14,,False,scalar,F_3,3,3,2,x-2,2
12425,13n4567,13n_4567,13n_4567,N,13,"[1,2]",2,2,exact u=2,-2,123,18,,False,quadratic,F_4,4,2,x,x^2+x+1,2
12428,13n4570,13n_4570,13n_4570,N,13,"[1,2]",2,2,exact u=2,0,109,18,,False,quadratic,F_4,4,2,x,x^2+x+1,2
12432,13n4574,13n_4574,13n_4574,N,13,"[1,2]",2,2,exact u=2,2,59,18,,False,quadratic,F_4,4,2,x,x^2+x+1,2
12507,13n4649,13n_4649,13n_4649,N,13,"[1,2]",2,2,exact u=2,0,77,18,,False,extension,F_49,49,7,x,x^2+3*x+1,2
12515,13n4657,13n_4657,13n_4657,N,13,"[1,2]",2,2,exact u=2,0,273,16,,False,extension,F_16,16,2,x,x^4+x^3+x^2+x+1,2
12521,13n4663,13n_4663,13n_4663,N,13,"[1,2]",2,2,exact u=2,2,171,10,,False,quadratic,F_4,4,2,x,x^2+x+1,2
12529,13n4671,13n_4671,13n_4671,N,13,"[1,2]",2,2,exact u=2,2,135,10,,False,quadratic,F_4,4,2,x,x^2+x+1,2
12532,13n4674,13n_4674,13n_4674,N,13,"[1,3]",2,"[2,3]",improved,0,125,16,,False,scalar,F_5,5,5,4,x-4,2
12556,13n4698,13n_4698,13n_4698,N,13,"[1,3]",2,"[2,3]",improved,-2,95,28,,False,quadratic,F_9,9,3,x,x^2+1,2
12571,13n4713,13n_4713,13n_4713,N,13,"[1,2]",2,2,exact u=2,-2,27,10,,False,scalar,F_3,3,3,2,x-2,2
12573,13n4715,13n_4715,13n_4715,N,13,"[1,3]",2,"[2,3]",improved,2,135,16,,False,scalar,F_3,3,3,2,x-2,2
12575,13n4717,13n_4717,13n_4717,N,13,"[1,3]",2,"[2,3]",improved,2,195,16,,False,quadratic,F_4,4,2,x,x^2+x+1,2
12578,13n4720,13n_4720,13n_4720,N,13,"[1,2]",2,2,exact u=2,2,27,10,,False,scalar,F_3,3,3,2,x-2,2
12584,13n4726,13n_4726,13n_4726,N,13,"[1,2]",2,2,exact u=2,2,43,16,,False,quadratic,F_4,4,2,x,x^2+x+1,2
12585,13n4727,13n_4727,13n_4727,N,13,"[1,2]",2,2,exact u=2,2,91,16,,False,quadratic,F_4,4,2,x,x^2+x+1,2
12587,13n4729,13n_4729,13n_4729,N,13,"[1,2]",2,2,exact u=2,-2,195,10,,False,quadratic,F_4,4,2,x,x^2+x+1,2
12588,13n4730,13n_4730,13n_4730,N,13,"[1,2]",2,2,exact u=2,-2,219,10,,False,quadratic,F_4,4,2,x,x^2+x+1,2
12590,13n4732,13n_4732,13n_4732,N,13,"[1,2]",2,2,exact u=2,0,225,16,,False,quadratic,F_9,9,3,x,x^2+1,2
12601,13n4743,13n_4743,13n_4743,N,13,"[1,2]",2,2,exact u=2,2,187,18,,False,quadratic,F_25,25,5,x,x^2+x+1,2
12604,13n4746,13n_4746,13n_4746,N,13,"[1,2]",2,2,exact u=2,0,153,28,,False,scalar,F_5,5,5,2,x-2,2
12628,13n4770,13n_4770,13n_4770,N,13,"[1,2]",2,2,exact u=2,0,165,28,,False,quadratic,F_9,9,3,x,x^2+1,2
12629,13n4771,13n_4771,13n_4771,N,13,"[1,3]",2,"[2,3]",improved,2,175,18,,False,scalar,F_5,5,5,4,x-4,2
12689,13n4831,13n_4831,13n_4831,N,13,"[1,3]",2,"[2,3]",improved,-2,175,10,,False,scalar,F_5,5,5,4,x-4,2
12704,13n4846,13n_4846,13n_4846,N,13,"[1,2]",2,2,exact u=2,0,165,10,,False,quadratic,F_4,4,2,x,x^2+x+1,2
12712,13n4854,13n_4854,13n_4854,N,13,"[1,2]",2,2,exact u=2,2,191,16,,False,quadratic,F_4,4,2,x,x^2+x+1,2
12722,13n4864,13n_4864,13n_4864,N,13,"[1,2]",2,2,exact u=2,-2,275,16,,False,scalar,F_5,5,5,4,x-4,2
12727,13n4869,13n_4869,13n_4869,N,13,"[1,2]",2,2,exact u=2,0,153,28,,False,scalar,F_3,3,3,2,x-2,2
12728,13n4870,13n_4870,13n_4870,N,13,"[1,3]",2,"[2,3]",improved,-2,175,28,,False,scalar,F_5,5,5,4,x-4,2
12732,13n4874,13n_4874,13n_4874,N,13,"[1,2]",2,2,exact u=2,0,145,16,,False,quadratic,F_4,4,2,x,x^2+x+1,2
12750,13n4892,13n_4892,13n_4892,N,13,"[1,3]",2,"[2,3]",improved,0,245,16,,False,scalar,F_7,7,7,6,x-6,2
12790,13n4932,13n_4932,13n_4932,N,13,"[1,3]",2,"[2,3]",improved,0,217,16,,False,quadratic,F_4,4,2,x,x^2+x+1,2
12794,13n4936,13n_4936,13n_4936,N,13,"[1,2]",2,2,exact u=2,2,195,16,,False,quadratic,F_4,4,2,x,x^2+x+1,2
12795,13n4937,13n_4937,13n_4937,N,13,"[1,2]",2,2,exact u=2,0,209,28,,False,quadratic,F_4,4,2,x,x^2+x+1,2
12796,13n4938,13n_4938,13n_4938,N,13,"[1,2]",2,2,exact u=2,0,189,28,,False,scalar,F_3,3,3,2,x-2,2
12815,13n4957,13n_4957,13n_4957,N,13,"[1,2]",2,2,exact u=2,2,143,10,,False,extension,F_16,16,2,x,x^4+x^3+x^2+x+1,2
12816,13n4958,13n_4958,13n_4958,N,13,"[1,2]",2,2,exact u=2,0,117,16,,False,scalar,F_7,7,7,2,x-2,2
12861,13n5003,13n_5003,13n_5003,N,13,"[1,2]",2,2,exact u=2,-2,291,10,,False,quadratic,F_4,4,2,x,x^2+x+1,2
12886,13n5028,13n_5028,13n_5028,N,13,"[1,2]",2,2,exact u=2,-2,183,16,,False,quadratic,F_4,4,2,x,x^2+x+1,2
12889,13n5031,13n_5031,13n_5031,N,13,"[1,2]",2,2,exact u=2,0,25,16,,False,quadratic,F_4,4,2,x,x^2+x+1,2
12890,13n5032,13n_5032,13n_5032,N,13,"[1,3]",2,"[2,3]",improved,-2,155,16,,False,quadratic,F_9,9,3,x,x^2+1,2
12891,13n5033,13n_5033,13n_5033,N,13,"[1,2]",2,2,exact u=2,-2,195,16,,False,quadratic,F_9,9,3,x,x^2+1,2
12902,13n5044,13n_5044,13n_5044,N,13,"[1,2]",2,2,exact u=2,0,141,10,,False,quadratic,F_4,4,2,x,x^2+x+1,2
12905,13n5047,13n_5047,13n_5047,N,13,"[1,2]",2,2,exact u=2,-2,207,16,,False,scalar,F_3,3,3,2,x-2,2
12920,13n5062,13n_5062,13n_5062,N,13,"[1,3]",2,"[2,3]",improved,2,63,18,,False,scalar,F_3,3,3,2,x-2,2
12928,13n5070,13n_5070,13n_5070,N,13,"[1,2]",2,2,exact u=2,-2,195,10,,False,quadratic,F_4,4,2,x,x^2+x+1,2
12942,13n5084,13n_5084,13n_5084,N,13,"[1,2]",2,2,exact u=2,2,195,10,,False,quadratic,F_4,4,2,x,x^2+x+1,2
12943,13n5085,13n_5085,13n_5085,N,13,"[1,3]",2,"[2,3]",improved,-2,175,26,,False,scalar,F_5,5,5,4,x-4,2
12948,13n5090,13n_5090,13n_5090,N,13,"[1,2]",2,2,exact u=2,0,225,16,,False,scalar,F_3,3,3,2,x-2,2
12949,13n5091,13n_5091,13n_5091,N,13,"[1,2]",2,2,exact u=2,-2,183,10,,False,quadratic,F_4,4,2,x,x^2+x+1,2
12950,13n5092,13n_5092,13n_5092,N,13,"[1,2]",2,2,exact u=2,0,169,10,,False,quadratic,F_9,9,3,x,x^2+1,2
12958,13n5100,13n_5100,13n_5100,N,13,"[1,2]",2,2,exact u=2,0,205,16,,False,quadratic,F_9,9,3,x,x^2+1,2
12968,13n5110,13n_5110,13n_5110,N,13,"[1,2]",2,2,exact u=2,-2,135,44,,False,quadratic,F_4,4,2,x,x^2+x+1,2
